{"1": {"loss": 1.4832293436860327, "accuracy": 0.250001212896103}, "2": {"loss": 1.4080364978052644, "accuracy": 0.25003532190055655}, "3": {"loss": 1.378269066938064, "accuracy": 0.3815971931394256}, "4": {"loss": 1.3724811370163537, "accuracy": 0.4135247081133233}, "5": {"loss": 1.3101092522226419, "accuracy": 0.41597534866286157}, "5": {"loss": 1.68931533799069, "accuracy": 0.0}}