{"1": {"loss": 1.4878961292227377, "accuracy": 0.25000003411576976}, "2": {"loss": 1.4174750095582582, "accuracy": 0.26526520290915373}, "3": {"loss": 1.4238094220895405, "accuracy": 0.2500028739255665}, "4": {"loss": 1.373550185758282, "accuracy": 0.38342352912300703}, "5": {"loss": 1.308213229350138, "accuracy": 0.4621042890724813}, "6": {"loss": 1.2513811321715878, "accuracy": 0.26591818122095706}, "7": {"loss": 1.1799177999635142, "accuracy": 0.5721016032210302}, "8": {"loss": 1.098385814507152, "accuracy": 0.60262986171406}, "9": {"loss": 1.0040876966667818, "accuracy": 0.7815780857265436}, "10": {"loss": 0.9097328295073198, "accuracy": 0.8498686772853895}, "11": {"loss": 0.8143856915590884, "accuracy": 0.8601319753609497}, "12": {"loss": 0.7169496946327634, "accuracy": 0.8753956199521327}, "13": {"loss": 0.6305775715819145, "accuracy": 0.8763159803543319}, "14": {"loss": 0.5606685507246751, "accuracy": 0.8718432650170875}, "15": {"loss": 0.5009435715979049, "accuracy": 0.8731585008384825}, "16": {"loss": 0.44988673410707336, "accuracy": 0.8755271298296468}, "17": {"loss": 0.41064217703034683, "accuracy": 0.8825000533970114}, "18": {"loss": 0.3833223352331038, "accuracy": 0.8872373115251337}, "19": {"loss": 0.3645619102981091, "accuracy": 0.8896059408078857}, "20": {"loss": 0.3504830822609389, "accuracy": 0.8923689604900167}, "20": {"loss": 4.574403716084739, "accuracy": 0.0}}