{"loss": 1.68931533799069, "accuracy": 0.0, "detail": [{"true": 0, "predicted": 1, "probs": [0.1846459007587917, 0.34810327975313576, 0.26587359575454705, 0.20137722373352546]}]}