{"loss": 4.574403716084739, "accuracy": 0.0, "detail": [{"true": 0, "predicted": 1, "probs": [0.010312446491016246, 0.9727895784791146, 0.003927404186121377, 0.012970570843747658]}]}