{"train": 623.6270031929016, "test": 0.19747591018676758, "single": 1.5445129871368408}